<server description="Sample Liberty server">

    <featureManager>
        <feature>restfulWS-3.1</feature>
        <feature>jsonb-3.0</feature>
        <feature>cdi-4.0</feature>
        <feature>jsonp-2.1</feature>
        <feature>mpHealth-4.0</feature>
        <feature>ssl-1.0</feature>
    </featureManager>

    <variable name="default.http.port" defaultValue="9080" />
    <variable name="default.https.port" defaultValue="9443" />

    <httpEndpoint host="*" httpPort="${default.http.port}"
        httpsPort="${default.https.port}" id="defaultHttpEndpoint" />

    <webApplication location="guide-openliberty-operator-intro-system.war" contextRoot="/" />
</server>
