<?xml version="1.0" encoding="UTF-8"?>
<server>
    <!--This file was generated by the Liberty Maven Plugin and will be overwritten on subsequent runs of the liberty:generate-features goal.
 It is recommended that you do not edit this file and that you commit this file to your version control.-->
    <featureManager>
        <!--The following features were generated based on API usage detected in your application-->
        <feature>jsonb-3.0</feature>
        <feature>restfulWS-3.1</feature>
        <feature>appSecurity-5.0</feature>
        <feature>cdi-4.0</feature>
        <feature>servlet-6.0</feature>
    </featureManager>
</server>
