{
    "type": "user_registry",
    "api_version": "2.0.0",
    "name": "url_registry",
    "title": "url_registry",
    "summary": "Sample URL registry using the fake authentication service.",
    "integration_url": "https://cpd-cp4i.cp4iad22023-b34dfa42ccf328c7da72e2882c1627b1-0000.eu-de.containers.appdomain.cloud/integration/apis/cp4i/cp4i-apic/api/cloud/integrations/user-registry/9637d632-2d09-4ea9-ba04-89ac84633d48",
    "registry_type": "authurl",
    "user_managed": false,
    "user_registry_managed": false,
    "external_group_mapping_enabled": false,
    "case_sensitive": false,
    "email_required": false,
    "email_unique_if_exist": true,
    "identity_providers": [
        {
            "name": "url_registry",
            "title": "url_registry"
        }
    ],
    "visibility": {
        "type": "public"
    },
    "configuration": {},
    "endpoint": {
        "endpoint": "https://cp4i-apic-gw-gateway-cp4i.cp4iad22023-b34dfa42ccf328c7da72e2882c1627b1-0000.eu-de.containers.appdomain.cloud/org1/prod/fakeauth/v1/basic-auth"
    }
}