{
    "type": "user_registry",
    "name": "openldap",
    "title": "openldap",
    "summary": "openldap",
    "registry_type": "ldap",
    "external_group_mapping_enabled": false,
    "case_sensitive": false,
    "email_required": false,
    "email_unique_if_exist": true,
    "identity_providers": [
        {
            "name": "openldap",
            "title": "openldap"
        }
    ],
    "visibility": {
        "type": "public"
    },
    "configuration": {
        "admin_dn": "$ldap_admin_dn",
        "admin_password": "********",
        "search_dn_base": "dc=ibm,dc=com",
        "protocol_version": "3",
        "attribute_mapping": {},
        "authenticated_bind": "true",
        "authentication_method": "search_dn",
        "search_dn_filter_prefix": "(&(uid=",
        "search_dn_filter_suffix": ")(objectclass=inetOrgPerson))"
    },
    "endpoint": {
        "endpoint": "ldap://openldap-external-ldap.cp4iad22023-b34dfa42ccf328c7da72e2882c1627b1-0000.eu-de.containers.appdomain.cloud:31881"
    }
}