{
    "channel":
    [
        {
            "name": "$VAR_CHL_UC",
            "connectionManagement":
            {
              "heartbeatInterval": 30
            },
            "clientConnection":
            {
                "connection":
                [
                    {
                        "host": "${ROOTURL}",
                        "port": 443
                    }
                ],
                "queueManager": "${VAR_QMGR_UC}"
            },
            "transmissionSecurity":
            {
              "cipherSpecification": "ANY_TLS12_OR_HIGHER"
            },
            "type": "clientConnection"
        }
   ]
}
