{
    "type": "user_registry",
    "api_version": "2.0.0",
    "name": "url_registry",
    "title": "url_registry",
    "summary": "Sample URL registry using the fake authentication service.",
    "integration_url": "${APIC_INTEGRATION_URL}",
    "registry_type": "authurl",
    "user_managed": false,
    "user_registry_managed": false,
    "external_group_mapping_enabled": false,
    "case_sensitive": false,
    "email_required": false,
    "email_unique_if_exist": true,
    "identity_providers": [
        {
            "name": "url_registry",
            "title": "url_registry"
        }
    ],
    "visibility": {
        "type": "public"
    },
    "configuration": {},
    "endpoint": {
        "endpoint": "${APIC_EP_GTW}${APIC_PROVIDER_ORG}/prod/fakeauth/v1/basic-auth"
    }
}