{
    "basePath": "/ping-api/v1",
    "info": {
        "title": "Ping API",
        "version": "1.0.0",
        "x-ibm-name": "ping-api"
    },
    "paths": {
        "/hello": {
            "get": {
                "parameters": [
                    {
                        "in": "query",
                        "name": "name",
                        "type": "string"
                    }
                ],
                "responses": {
                    "200": {
                        "description": "success",
                        "schema": {
                            "type": "string"
                        }
                    }
                }
            }
        }
    },
    "schemes": [
        "https"
    ],
    "security": [
        {
            "clientID": [
            ]
        }
    ],
    "securityDefinitions": {
        "clientID": {
            "in": "header",
            "name": "X-IBM-Client-Id",
            "type": "apiKey"
        }
    },
    "swagger": "2.0",
    "x-ibm-configuration": {
        "activity-log": {
            "enabled": true,
            "error-content": "payload",
            "success-content": "activity"
        },
        "assembly": {
            "catch": [
            ],
            "execute": [
                {
                    "log": {
                        "log-level": "default",
                        "mode": "gather-only",
                        "title": "log_gather",
                        "version": "2.1.0"
                    }
                },
                {
                    "set-variable": {
                        "actions": [
                            {
                                "set": "log.custom_data.newAPIEventDataField",
                                "type": "string",
                                "value": "newData"
                            },
                            {
                                "set": "log.product_title",
                                "type": "string",
                                "value": "newProductTitle"
                            }
                        ],
                        "title": "param_to_record",
                        "version": "2.0.0"
                    }
                },
                {
                    "gatewayscript": {
                        "source": "var name = context.request.parameters.name.values[0];\nvar mt=\"Hello \" + name;\ncontext.message.body.write({\"msg\" : decodeURI(mt)});          ",
                        "title": "gen_resp",
                        "version": "2.0.0"
                    }
                }
            ],
            "finally": [
            ]
        },
        "cors": {
            "enabled": true
        },
        "enforced": true,
        "gateway": "datapower-api-gateway",
        "phase": "realized",
        "properties": {
            "target-url": {
                "description": "The URL of the target service",
                "encoded": false,
                "value": "http://example.com/operation-name"
            }
        },
        "testable": true,
        "type": "rest"
    }
}