{
    "basePath": "/v2",
    "definitions": {
      "ApiResponse": {
        "properties": {
          "code": {
            "format": "int32",
            "type": "integer"
          },
          "message": {
            "type": "string"
          },
          "type": {
            "type": "string"
          }
        },
        "type": "object"
      },
      "Category": {
        "properties": {
          "id": {
            "format": "int64",
            "type": "integer"
          },
          "name": {
            "type": "string"
          }
        },
        "type": "object",
        "xml": {
          "name": "Category"
        }
      },
      "Order": {
        "properties": {
          "complete": {
            "type": "boolean"
          },
          "id": {
            "format": "int64",
            "type": "integer"
          },
          "petId": {
            "format": "int64",
            "type": "integer"
          },
          "quantity": {
            "format": "int32",
            "type": "integer"
          },
          "shipDate": {
            "format": "date-time",
            "type": "string"
          },
          "status": {
            "description": "Order Status",
            "enum": [
              "placed",
              "approved",
              "delivered"
            ],
            "type": "string"
          }
        },
        "type": "object",
        "xml": {
          "name": "Order"
        }
      },
      "Pet": {
        "properties": {
          "category": {
            "$ref": "#/definitions/Category"
          },
          "id": {
            "format": "int64",
            "type": "integer"
          },
          "name": {
            "example": "doggie",
            "type": "string"
          },
          "photoUrls": {
            "items": {
              "type": "string",
              "xml": {
                "name": "photoUrl"
              }
            },
            "type": "array",
            "xml": {
              "wrapped": true
            }
          },
          "status": {
            "description": "pet status in the store",
            "enum": [
              "available",
              "pending",
              "sold"
            ],
            "type": "string"
          },
          "tags": {
            "items": {
              "$ref": "#/definitions/Tag",
              "xml": {
                "name": "tag"
              }
            },
            "type": "array",
            "xml": {
              "wrapped": true
            }
          }
        },
        "required": [
          "name",
          "photoUrls"
        ],
        "type": "object",
        "xml": {
          "name": "Pet"
        }
      },
      "Tag": {
        "properties": {
          "id": {
            "format": "int64",
            "type": "integer"
          },
          "name": {
            "type": "string"
          }
        },
        "type": "object",
        "xml": {
          "name": "Tag"
        }
      },
      "User": {
        "properties": {
          "email": {
            "type": "string"
          },
          "firstName": {
            "type": "string"
          },
          "id": {
            "format": "int64",
            "type": "integer"
          },
          "lastName": {
            "type": "string"
          },
          "password": {
            "type": "string"
          },
          "phone": {
            "type": "string"
          },
          "username": {
            "type": "string"
          },
          "userStatus": {
            "description": "User Status",
            "format": "int32",
            "type": "integer"
          }
        },
        "type": "object",
        "xml": {
          "name": "User"
        }
      }
    },
    "externalDocs": {
      "description": "Find out more about Swagger",
      "url": "http://swagger.io"
    },
    "host": "$(catalog.host)",
    "info": {
      "contact": {
        "email": "apiteam@swagger.io"
      },
      "description": "This is a sample server Petstore server.  You can find out more about Swagger at [http://swagger.io](http://swagger.io) or on [irc.freenode.net, #swagger](http://swagger.io/irc/).  For this sample, you can use the api key `special-key` to test the authorization filters.",
      "license": {
        "name": "Apache 2.0",
        "url": "http://www.apache.org/licenses/LICENSE-2.0.html"
      },
      "termsOfService": "http://swagger.io/terms/",
      "title": "Swagger Petstore",
      "version": "1.0.6",
      "x-ibm-name": "swagger-petstore"
    },
    "paths": {
      "/pet": {
        "post": {
          "consumes": [
            "application/json",
            "application/xml"
          ],
          "description": "",
          "operationId": "addPet",
          "parameters": [
            {
              "description": "Pet object that needs to be added to the store",
              "in": "body",
              "name": "body",
              "required": true,
              "schema": {
                "$ref": "#/definitions/Pet"
              }
            }
          ],
          "produces": [
            "application/json",
            "application/xml"
          ],
          "responses": {
            "405": {
              "description": "Invalid input"
            }
          },
          "security": [
            {
              "clientidscheme": []
            }
          ],
          "summary": "Add a new pet to the store"
        },
        "put": {
          "consumes": [
            "application/json",
            "application/xml"
          ],
          "description": "",
          "operationId": "updatePet",
          "parameters": [
            {
              "description": "Pet object that needs to be added to the store",
              "in": "body",
              "name": "body",
              "required": true,
              "schema": {
                "$ref": "#/definitions/Pet"
              }
            }
          ],
          "produces": [
            "application/json",
            "application/xml"
          ],
          "responses": {
            "400": {
              "description": "Invalid ID supplied"
            },
            "404": {
              "description": "Pet not found"
            },
            "405": {
              "description": "Validation exception"
            }
          },
          "security": [
            {
              "clientidscheme": []
            }
          ],
          "summary": "Update an existing pet",
          "tags": [
            "pet"
          ]
        }
      },
      "/pet/{petId}": {
        "delete": {
          "description": "",
          "operationId": "deletePet",
          "parameters": [
            {
              "description": "Pet id to delete",
              "format": "int64",
              "in": "path",
              "name": "petId",
              "required": true,
              "type": "integer"
            }
          ],
          "produces": [
            "application/json",
            "application/xml"
          ],
          "responses": {
            "400": {
              "description": "Invalid ID supplied"
            },
            "404": {
              "description": "Pet not found"
            }
          },
          "security": [
            {
              "clientidscheme": []
            }
          ],
          "summary": "Deletes a pet",
          "tags": [
            "pet"
          ]
        },
        "get": {
          "description": "Returns a single pet",
          "operationId": "getPetById",
          "parameters": [
            {
              "description": "ID of pet to return",
              "format": "int64",
              "in": "path",
              "name": "petId",
              "required": true,
              "type": "integer"
            }
          ],
          "produces": [
            "application/json",
            "application/xml"
          ],
          "responses": {
            "200": {
              "description": "successful operation",
              "schema": {
                "$ref": "#/definitions/Pet"
              }
            },
            "400": {
              "description": "Invalid ID supplied"
            },
            "404": {
              "description": "Pet not found"
            }
          },
          "security": [
            {
              "clientidscheme": []
            }
          ],
          "summary": "Find pet by ID",
          "tags": [
            "pet"
          ]
        },
        "post": {
          "consumes": [
            "application/x-www-form-urlencoded"
          ],
          "description": "",
          "operationId": "updatePetWithForm",
          "parameters": [
            {
              "description": "ID of pet that needs to be updated",
              "format": "int64",
              "in": "path",
              "name": "petId",
              "required": true,
              "type": "integer"
            },
            {
              "description": "Updated name of the pet",
              "in": "formData",
              "name": "name",
              "required": false,
              "type": "string"
            },
            {
              "description": "Updated status of the pet",
              "in": "formData",
              "name": "status",
              "required": false,
              "type": "string"
            }
          ],
          "produces": [
            "application/json",
            "application/xml"
          ],
          "responses": {
            "405": {
              "description": "Invalid input"
            }
          },
          "security": [
            {
              "clientidscheme": []
            }
          ],
          "summary": "Updates a pet in the store with form data",
          "tags": [
            "pet"
          ]
        }
      },
      "/pet/{petId}/uploadImage": {
        "post": {
          "consumes": [
            "multipart/form-data"
          ],
          "description": "",
          "operationId": "uploadFile",
          "parameters": [
            {
              "description": "ID of pet to update",
              "format": "int64",
              "in": "path",
              "name": "petId",
              "required": true,
              "type": "integer"
            },
            {
              "description": "Additional data to pass to server",
              "in": "formData",
              "name": "additionalMetadata",
              "required": false,
              "type": "string"
            },
            {
              "description": "file to upload",
              "in": "formData",
              "name": "file",
              "required": false,
              "type": "file"
            }
          ],
          "produces": [
            "application/json"
          ],
          "responses": {
            "200": {
              "description": "successful operation",
              "schema": {
                "$ref": "#/definitions/ApiResponse"
              }
            }
          },
          "security": [
            {
              "clientidscheme": []
            }
          ],
          "summary": "uploads an image",
          "tags": [
            "pet"
          ]
        }
      },
      "/pet/findByStatus": {
        "get": {
          "description": "Multiple status values can be provided with comma separated strings",
          "operationId": "findPetsByStatus",
          "parameters": [
            {
              "collectionFormat": "multi",
              "description": "Status values that need to be considered for filter",
              "in": "query",
              "items": {
                "default": "available",
                "enum": [
                  "available",
                  "pending",
                  "sold"
                ],
                "type": "string"
              },
              "name": "status",
              "required": true,
              "type": "array"
            }
          ],
          "produces": [
            "application/json",
            "application/xml"
          ],
          "responses": {
            "200": {
              "description": "successful operation",
              "schema": {
                "items": {
                  "$ref": "#/definitions/Pet"
                },
                "type": "array"
              }
            },
            "400": {
              "description": "Invalid status value"
            }
          },
          "summary": "Finds Pets by status",
          "tags": [
            "pet"
          ]
        }
      },
      "/pet/findByTags": {
        "get": {
          "deprecated": true,
          "description": "Multiple tags can be provided with comma separated strings. Use tag1, tag2, tag3 for testing.",
          "operationId": "findPetsByTags",
          "parameters": [
            {
              "collectionFormat": "multi",
              "description": "Tags to filter by",
              "in": "query",
              "items": {
                "type": "string"
              },
              "name": "tags",
              "required": true,
              "type": "array"
            }
          ],
          "produces": [
            "application/json",
            "application/xml"
          ],
          "responses": {
            "200": {
              "description": "successful operation",
              "schema": {
                "items": {
                  "$ref": "#/definitions/Pet"
                },
                "type": "array"
              }
            },
            "400": {
              "description": "Invalid tag value"
            }
          },
          "security": [
            {
              "clientidscheme": []
            }
          ],
          "summary": "Finds Pets by tags",
          "tags": [
            "pet"
          ]
        }
      },
      "/store/inventory": {
        "get": {
          "description": "Returns a map of status codes to quantities",
          "operationId": "getInventory",
          "parameters": [],
          "produces": [
            "application/json"
          ],
          "responses": {
            "200": {
              "description": "successful operation",
              "schema": {
                "additionalProperties": {
                  "format": "int32",
                  "type": "integer"
                },
                "type": "object"
              }
            }
          },
          "security": [
            {
              "clientidscheme": []
            }
          ],
          "summary": "Returns pet inventories by status",
          "tags": [
            "store"
          ]
        }
      },
      "/store/order": {
        "post": {
          "consumes": [
            "application/json"
          ],
          "description": "",
          "operationId": "placeOrder",
          "parameters": [
            {
              "description": "order placed for purchasing the pet",
              "in": "body",
              "name": "body",
              "required": true,
              "schema": {
                "$ref": "#/definitions/Order"
              }
            }
          ],
          "produces": [
            "application/json",
            "application/xml"
          ],
          "responses": {
            "200": {
              "description": "successful operation",
              "schema": {
                "$ref": "#/definitions/Order"
              }
            },
            "400": {
              "description": "Invalid Order"
            }
          },
          "summary": "Place an order for a pet",
          "tags": [
            "store"
          ]
        }
      },
      "/store/order/{orderId}": {
        "delete": {
          "description": "For valid response try integer IDs with positive integer value. Negative or non-integer values will generate API errors",
          "operationId": "deleteOrder",
          "parameters": [
            {
              "description": "ID of the order that needs to be deleted",
              "format": "int64",
              "in": "path",
              "minimum": 1,
              "name": "orderId",
              "required": true,
              "type": "integer"
            }
          ],
          "produces": [
            "application/json",
            "application/xml"
          ],
          "responses": {
            "400": {
              "description": "Invalid ID supplied"
            },
            "404": {
              "description": "Order not found"
            }
          },
          "summary": "Delete purchase order by ID",
          "tags": [
            "store"
          ]
        },
        "get": {
          "description": "For valid response try integer IDs with value >= 1 and <= 10. Other values will generated exceptions",
          "operationId": "getOrderById",
          "parameters": [
            {
              "description": "ID of pet that needs to be fetched",
              "format": "int64",
              "in": "path",
              "maximum": 10,
              "minimum": 1,
              "name": "orderId",
              "required": true,
              "type": "integer"
            }
          ],
          "produces": [
            "application/json",
            "application/xml"
          ],
          "responses": {
            "200": {
              "description": "successful operation",
              "schema": {
                "$ref": "#/definitions/Order"
              }
            },
            "400": {
              "description": "Invalid ID supplied"
            },
            "404": {
              "description": "Order not found"
            }
          },
          "summary": "Find purchase order by ID",
          "tags": [
            "store"
          ]
        }
      },
      "/user": {
        "post": {
          "consumes": [
            "application/json"
          ],
          "description": "This can only be done by the logged in user.",
          "operationId": "createUser",
          "parameters": [
            {
              "description": "Created user object",
              "in": "body",
              "name": "body",
              "required": true,
              "schema": {
                "$ref": "#/definitions/User"
              }
            }
          ],
          "produces": [
            "application/json",
            "application/xml"
          ],
          "responses": {
            "default": {
              "description": "successful operation"
            }
          },
          "summary": "Create user",
          "tags": [
            "user"
          ]
        }
      },
      "/user/{username}": {
        "delete": {
          "description": "This can only be done by the logged in user.",
          "operationId": "deleteUser",
          "parameters": [
            {
              "description": "The name that needs to be deleted",
              "in": "path",
              "name": "username",
              "required": true,
              "type": "string"
            }
          ],
          "produces": [
            "application/json",
            "application/xml"
          ],
          "responses": {
            "400": {
              "description": "Invalid username supplied"
            },
            "404": {
              "description": "User not found"
            }
          },
          "summary": "Delete user",
          "tags": [
            "user"
          ]
        },
        "get": {
          "description": "",
          "operationId": "getUserByName",
          "parameters": [
            {
              "description": "The name that needs to be fetched. Use user1 for testing. ",
              "in": "path",
              "name": "username",
              "required": true,
              "type": "string"
            }
          ],
          "produces": [
            "application/json",
            "application/xml"
          ],
          "responses": {
            "200": {
              "description": "successful operation",
              "schema": {
                "$ref": "#/definitions/User"
              }
            },
            "400": {
              "description": "Invalid username supplied"
            },
            "404": {
              "description": "User not found"
            }
          },
          "summary": "Get user by user name",
          "tags": [
            "user"
          ]
        },
        "put": {
          "consumes": [
            "application/json"
          ],
          "description": "This can only be done by the logged in user.",
          "operationId": "updateUser",
          "parameters": [
            {
              "description": "name that need to be updated",
              "in": "path",
              "name": "username",
              "required": true,
              "type": "string"
            },
            {
              "description": "Updated user object",
              "in": "body",
              "name": "body",
              "required": true,
              "schema": {
                "$ref": "#/definitions/User"
              }
            }
          ],
          "produces": [
            "application/json",
            "application/xml"
          ],
          "responses": {
            "400": {
              "description": "Invalid user supplied"
            },
            "404": {
              "description": "User not found"
            }
          },
          "summary": "Updated user",
          "tags": [
            "user"
          ]
        }
      },
      "/user/createWithArray": {
        "post": {
          "consumes": [
            "application/json"
          ],
          "description": "",
          "operationId": "createUsersWithArrayInput",
          "parameters": [
            {
              "description": "List of user object",
              "in": "body",
              "name": "body",
              "required": true,
              "schema": {
                "items": {
                  "$ref": "#/definitions/User"
                },
                "type": "array"
              }
            }
          ],
          "produces": [
            "application/json",
            "application/xml"
          ],
          "responses": {
            "default": {
              "description": "successful operation"
            }
          },
          "summary": "Creates list of users with given input array",
          "tags": [
            "user"
          ]
        }
      },
      "/user/createWithList": {
        "post": {
          "consumes": [
            "application/json"
          ],
          "description": "",
          "operationId": "createUsersWithListInput",
          "parameters": [
            {
              "description": "List of user object",
              "in": "body",
              "name": "body",
              "required": true,
              "schema": {
                "items": {
                  "$ref": "#/definitions/User"
                },
                "type": "array"
              }
            }
          ],
          "produces": [
            "application/json",
            "application/xml"
          ],
          "responses": {
            "default": {
              "description": "successful operation"
            }
          },
          "summary": "Creates list of users with given input array",
          "tags": [
            "user"
          ]
        }
      },
      "/user/login": {
        "get": {
          "description": "",
          "operationId": "loginUser",
          "parameters": [
            {
              "description": "The user name for login",
              "in": "query",
              "name": "username",
              "required": true,
              "type": "string"
            },
            {
              "description": "The password for login in clear text",
              "in": "query",
              "name": "password",
              "required": true,
              "type": "string"
            }
          ],
          "produces": [
            "application/json",
            "application/xml"
          ],
          "responses": {
            "200": {
              "description": "successful operation",
              "headers": {
                "X-Expires-After": {
                  "description": "date in UTC when token expires",
                  "format": "date-time",
                  "type": "string"
                },
                "X-Rate-Limit": {
                  "description": "calls per hour allowed by the user",
                  "format": "int32",
                  "type": "integer"
                }
              },
              "schema": {
                "type": "string"
              }
            },
            "400": {
              "description": "Invalid username/password supplied"
            }
          },
          "summary": "Logs user into the system",
          "tags": [
            "user"
          ]
        }
      },
      "/user/logout": {
        "get": {
          "description": "",
          "operationId": "logoutUser",
          "parameters": [],
          "produces": [
            "application/json",
            "application/xml"
          ],
          "responses": {
            "default": {
              "description": "successful operation"
            }
          },
          "summary": "Logs out current logged in user session",
          "tags": [
            "user"
          ]
        }
      }
    },
    "schemes": [
      "https"
    ],
    "security": [
      {
        "clientidscheme": []
      }
    ],
    "securityDefinitions": {
      "clientidscheme": {
        "in": "header",
        "name": "X-IBM-Client-Id",
        "type": "apiKey",
        "x-key-type": "client_id"
      }
    },
    "swagger": "2.0",
    "tags": [
      {
        "description": "Everything about your Pets",
        "externalDocs": {
          "description": "Find out more",
          "url": "http://swagger.io"
        },
        "name": "pet"
      },
      {
        "description": "Access to Petstore orders",
        "name": "store"
      },
      {
        "description": "Operations about user",
        "externalDocs": {
          "description": "Find out more about our store",
          "url": "http://swagger.io"
        },
        "name": "user"
      }
    ],
    "x-ibm-configuration": {
      "type": "rest",
      "phase": "realized",
      "enforced": true,
      "testable": true,
      "gateway": "datapower-api-gateway",
      "cors": {
        "enabled": true
      },
      "assembly": {
        "execute": [
          {
            "invoke": {
              "title": "invoke",
              "version": "2.0.0",
              "verb": "keep",
              "target-url": "$(target-url)",
              "follow-redirects": false,
              "timeout": 60,
              "parameter-control": {
                "type": "allowlist",
                "values": []
              },
              "header-control": {
                "type": "blocklist",
                "values": []
              },
              "inject-proxy-headers": true,
              "chunked-uploads": true,
              "persistent-connection": true
            }
          }
        ]
      },
      "properties": {
        "target-url": {
          "value": "http://example.com/operation-name",
          "description": "The URL of the target service",
          "encoded": false
        }
      },
      "activity-log": {
        "enabled": true,
        "success-content": "activity",
        "error-content": "payload"
      },
      "servers": [
        {
          "url": "https://cp4i-apic-gw-gateway-cp4i.apps.677651fd23fb424f7dff4a9f.ocp.techzone.ibm.com/org1/sandbox/v2",
          "description": "",
          "type": [
            "production",
            "development"
          ]
        }
      ]
    }
  }