{"openapi":"3.0.0","info":{"version":"1.0.0","title":"Taxi messaging","x-ibm-name":"taxi-messaging"},"servers":[{"url":"http://your-node-red-host:1880"}],"paths":{"/api/v1/taxialert":{"post":{"summary":"Send a message to taxi drivers","operationId":"taxiAlert","tags":["taxis"],"requestBody":{"required":true,"content":{"application/json":{"schema":{"type":"object","required":["taxis","message"],"properties":{"taxis":{"type":"array","items":{"type":"integer","format":"int32"}},"message":{"type":"string"}}}}}},"responses":{"201":{"description":"message sent","content":{"application/json":{"schema":{"$ref":"#/components/schemas/Ack"}}}},"400":{"description":"missing request parameters","content":{"application/json":{"schema":{"$ref":"#/components/schemas/Error"}}}}}}}},"components":{"schemas":{"Ack":{"type":"object","required":["sent"],"properties":{"sent":{"type":"string"}}},"Error":{"type":"object","required":["error"],"properties":{"error":{"type":"string"}}}}},"x-ibm-configuration":{"type":"rest","phase":"realized","enforced":true,"testable":true,"gateway":"datapower-api-gateway","cors":{"enabled":true},"assembly":{"execute":[{"invoke":{"title":"invoke","version":"2.0.0","verb":"keep","target-url":"$(target-url)","follow-redirects":false,"timeout":60,"parameter-control":{"type":"allowlist","values":[]},"header-control":{"type":"blocklist","values":[]},"inject-proxy-headers":true,"chunked-uploads":true,"persistent-connection":true}}]},"properties":{"target-url":{"value":"http://example.com/operation-name","description":"The URL of the target service","encoded":false}}}}