{"openapi":"3.0.0","info":{"version":"1.0.0","title":"Taxi locator","x-ibm-name":"taxi-locator"},"servers":[{"url":"http://your-node-red-host:1880"}],"paths":{"/api/v1/findtaxis":{"get":{"summary":"Find taxis in a given location","operationId":"findTaxis","tags":["taxis"],"parameters":[{"name":"lat","in":"query","description":"latitude","required":true,"schema":{"type":"number","format":"double"}},{"name":"lon","in":"query","description":"longitude","required":true,"schema":{"type":"number","format":"double"}}],"responses":{"200":{"description":"list of taxi ids","content":{"application/json":{"schema":{"$ref":"#/components/schemas/Taxis"}}}},"400":{"description":"missing request parameters","content":{"application/json":{"schema":{"$ref":"#/components/schemas/Error"}}}}}}}},"components":{"schemas":{"Taxis":{"type":"object","required":["taxis"],"properties":{"taxis":{"type":"array","items":{"type":"integer","format":"int32"}}}},"Error":{"type":"object","required":["error"],"properties":{"error":{"type":"string"}}}}},"x-ibm-configuration":{"type":"rest","phase":"realized","enforced":true,"testable":true,"gateway":"datapower-api-gateway","cors":{"enabled":true},"assembly":{"execute":[{"invoke":{"title":"invoke","version":"2.0.0","verb":"keep","target-url":"$(target-url)","follow-redirects":false,"timeout":60,"parameter-control":{"type":"allowlist","values":[]},"header-control":{"type":"blocklist","values":[]},"inject-proxy-headers":true,"chunked-uploads":true,"persistent-connection":true}}]},"properties":{"target-url":{"value":"http://example.com/operation-name","description":"The URL of the target service","encoded":false}}}}