<?xml version="1.0" encoding="UTF-8"?>
<!-- ====================================================================== -->
<!--                                                                        -->
<!-- Generated by Maven Help Plugin                                         -->
<!-- See: https://maven.apache.org/plugins/maven-help-plugin/               -->
<!--                                                                        -->
<!-- ====================================================================== -->
<!-- ====================================================================== -->
<!--                                                                        -->
<!-- Effective POM for project                                              -->
<!-- 'com.ibm.mq.samples.jms:mq-dev-patterns:jar:0.1.0'                     -->
<!--                                                                        -->
<!-- ====================================================================== -->
<project xmlns="http://maven.apache.org/POM/4.0.0" xmlns:xsi="http://www.w3.org/2001/XMLSchema-instance" xsi:schemaLocation="http://maven.apache.org/POM/4.0.0 https://maven.apache.org/xsd/maven-4.0.0.xsd">
  <modelVersion>4.0.0</modelVersion>
  <groupId>com.ibm.mq.samples.jms</groupId>
  <artifactId>mq-dev-patterns</artifactId>
  <version>0.1.0</version>
  <name>mq-dev-patterns</name>
  <url>https://github.com/ibm-messaging/mq-dev-patterns/</url>
  <properties>
    <maven.compiler.source>17</maven.compiler.source>
    <maven.compiler.target>17</maven.compiler.target>
    <maven.test.skip>true</maven.test.skip>
    <project.build.sourceEncoding>UTF-8</project.build.sourceEncoding>
  </properties>
  <dependencies>
    <dependency>
      <groupId>org.json</groupId>
      <artifactId>json</artifactId>
      <version>20231013</version>
      <scope>compile</scope>
    </dependency>
    <dependency>
      <groupId>org.junit.jupiter</groupId>
      <artifactId>junit-jupiter-engine</artifactId>
      <version>5.2.0</version>
      <scope>test</scope>
    </dependency>
    <dependency>
      <groupId>org.junit.platform</groupId>
      <artifactId>junit-platform-runner</artifactId>
      <version>1.2.0</version>
      <scope>test</scope>
    </dependency>
    <dependency>
      <groupId>javax.jms</groupId>
      <artifactId>javax.jms-api</artifactId>
      <version>2.0.1</version>
      <scope>compile</scope>
    </dependency>
    <dependency>
      <groupId>com.ibm.mq</groupId>
      <artifactId>com.ibm.mq.allclient</artifactId>
      <version>9.4.1.0</version>
      <scope>compile</scope>
    </dependency>
  </dependencies>
  <repositories>
    <repository>
      <snapshots>
        <enabled>false</enabled>
      </snapshots>
      <id>central</id>
      <name>Central Repository</name>
      <url>https://repo.maven.apache.org/maven2</url>
    </repository>
  </repositories>
  <pluginRepositories>
    <pluginRepository>
      <releases>
        <updatePolicy>never</updatePolicy>
      </releases>
      <snapshots>
        <enabled>false</enabled>
      </snapshots>
      <id>central</id>
      <name>Central Repository</name>
      <url>https://repo.maven.apache.org/maven2</url>
    </pluginRepository>
  </pluginRepositories>
  <build>
    <sourceDirectory>d:\CurrentProjects\CP4I\Installation\cp4i-install\demos\mq_kafka\client\src\main\java</sourceDirectory>
    <scriptSourceDirectory>d:\CurrentProjects\CP4I\Installation\cp4i-install\demos\mq_kafka\client\src\main\scripts</scriptSourceDirectory>
    <testSourceDirectory>d:\CurrentProjects\CP4I\Installation\cp4i-install\demos\mq_kafka\client\src\test\java</testSourceDirectory>
    <outputDirectory>d:\CurrentProjects\CP4I\Installation\cp4i-install\demos\mq_kafka\client\target\classes</outputDirectory>
    <testOutputDirectory>d:\CurrentProjects\CP4I\Installation\cp4i-install\demos\mq_kafka\client\target\test-classes</testOutputDirectory>
    <resources>
      <resource>
        <directory>d:\CurrentProjects\CP4I\Installation\cp4i-install\demos\mq_kafka\client\src\main\resources</directory>
      </resource>
    </resources>
    <testResources>
      <testResource>
        <directory>d:\CurrentProjects\CP4I\Installation\cp4i-install\demos\mq_kafka\client\src\test\resources</directory>
      </testResource>
    </testResources>
    <directory>d:\CurrentProjects\CP4I\Installation\cp4i-install\demos\mq_kafka\client\target</directory>
    <finalName>mq-dev-patterns-0.1.0</finalName>
    <pluginManagement>
      <plugins>
        <plugin>
          <artifactId>maven-antrun-plugin</artifactId>
          <version>3.1.0</version>
        </plugin>
        <plugin>
          <artifactId>maven-assembly-plugin</artifactId>
          <version>3.6.0</version>
        </plugin>
        <plugin>
          <artifactId>maven-dependency-plugin</artifactId>
          <version>3.6.0</version>
        </plugin>
        <plugin>
          <artifactId>maven-release-plugin</artifactId>
          <version>3.0.1</version>
        </plugin>
        <plugin>
          <artifactId>maven-clean-plugin</artifactId>
          <version>3.1.0</version>
        </plugin>
        <plugin>
          <artifactId>maven-resources-plugin</artifactId>
          <version>3.0.2</version>
        </plugin>
        <plugin>
          <artifactId>maven-compiler-plugin</artifactId>
          <version>3.8.0</version>
        </plugin>
        <plugin>
          <artifactId>maven-surefire-plugin</artifactId>
          <version>2.22.1</version>
        </plugin>
        <plugin>
          <artifactId>maven-jar-plugin</artifactId>
          <version>3.0.2</version>
        </plugin>
        <plugin>
          <artifactId>maven-install-plugin</artifactId>
          <version>2.5.2</version>
        </plugin>
        <plugin>
          <artifactId>maven-deploy-plugin</artifactId>
          <version>2.8.2</version>
        </plugin>
        <plugin>
          <artifactId>maven-site-plugin</artifactId>
          <version>3.7.1</version>
        </plugin>
        <plugin>
          <artifactId>maven-project-info-reports-plugin</artifactId>
          <version>3.0.0</version>
        </plugin>
      </plugins>
    </pluginManagement>
    <plugins>
      <plugin>
        <artifactId>maven-shade-plugin</artifactId>
        <version>3.2.4</version>
        <executions>
          <execution>
            <phase>package</phase>
            <goals>
              <goal>shade</goal>
            </goals>
            <configuration>
              <transformers>
                <transformer implementation="org.apache.maven.plugins.shade.resource.ManifestResourceTransformer">
                  <mainClass>com.ibm.mq.samples.jms.BasicSampleDriver</mainClass>
                </transformer>
              </transformers>
              <filters>
                <filter>
                  <artifact>*:*</artifact>
                  <excludes>
                    <exclude>META-INF/*.SF</exclude>
                    <exclude>META-INF/*.DSA</exclude>
                    <exclude>META-INF/*.RSA</exclude>
                  </excludes>
                </filter>
              </filters>
            </configuration>
          </execution>
        </executions>
      </plugin>
      <plugin>
        <artifactId>maven-clean-plugin</artifactId>
        <version>3.1.0</version>
        <executions>
          <execution>
            <id>default-clean</id>
            <phase>clean</phase>
            <goals>
              <goal>clean</goal>
            </goals>
          </execution>
        </executions>
      </plugin>
      <plugin>
        <artifactId>maven-resources-plugin</artifactId>
        <version>3.0.2</version>
        <executions>
          <execution>
            <id>default-testResources</id>
            <phase>process-test-resources</phase>
            <goals>
              <goal>testResources</goal>
            </goals>
          </execution>
          <execution>
            <id>default-resources</id>
            <phase>process-resources</phase>
            <goals>
              <goal>resources</goal>
            </goals>
          </execution>
        </executions>
      </plugin>
      <plugin>
        <artifactId>maven-jar-plugin</artifactId>
        <version>3.0.2</version>
        <executions>
          <execution>
            <id>default-jar</id>
            <phase>package</phase>
            <goals>
              <goal>jar</goal>
            </goals>
          </execution>
        </executions>
      </plugin>
      <plugin>
        <artifactId>maven-compiler-plugin</artifactId>
        <version>3.8.0</version>
        <executions>
          <execution>
            <id>default-compile</id>
            <phase>compile</phase>
            <goals>
              <goal>compile</goal>
            </goals>
          </execution>
          <execution>
            <id>default-testCompile</id>
            <phase>test-compile</phase>
            <goals>
              <goal>testCompile</goal>
            </goals>
          </execution>
        </executions>
      </plugin>
      <plugin>
        <artifactId>maven-surefire-plugin</artifactId>
        <version>2.22.1</version>
        <executions>
          <execution>
            <id>default-test</id>
            <phase>test</phase>
            <goals>
              <goal>test</goal>
            </goals>
          </execution>
        </executions>
      </plugin>
      <plugin>
        <artifactId>maven-install-plugin</artifactId>
        <version>2.5.2</version>
        <executions>
          <execution>
            <id>default-install</id>
            <phase>install</phase>
            <goals>
              <goal>install</goal>
            </goals>
          </execution>
        </executions>
      </plugin>
      <plugin>
        <artifactId>maven-deploy-plugin</artifactId>
        <version>2.8.2</version>
        <executions>
          <execution>
            <id>default-deploy</id>
            <phase>deploy</phase>
            <goals>
              <goal>deploy</goal>
            </goals>
          </execution>
        </executions>
      </plugin>
      <plugin>
        <artifactId>maven-site-plugin</artifactId>
        <version>3.7.1</version>
        <executions>
          <execution>
            <id>default-site</id>
            <phase>site</phase>
            <goals>
              <goal>site</goal>
            </goals>
            <configuration>
              <outputDirectory>d:\CurrentProjects\CP4I\Installation\cp4i-install\demos\mq_kafka\client\target\site</outputDirectory>
              <reportPlugins>
                <reportPlugin>
                  <groupId>org.apache.maven.plugins</groupId>
                  <artifactId>maven-project-info-reports-plugin</artifactId>
                </reportPlugin>
              </reportPlugins>
            </configuration>
          </execution>
          <execution>
            <id>default-deploy</id>
            <phase>site-deploy</phase>
            <goals>
              <goal>deploy</goal>
            </goals>
            <configuration>
              <outputDirectory>d:\CurrentProjects\CP4I\Installation\cp4i-install\demos\mq_kafka\client\target\site</outputDirectory>
              <reportPlugins>
                <reportPlugin>
                  <groupId>org.apache.maven.plugins</groupId>
                  <artifactId>maven-project-info-reports-plugin</artifactId>
                </reportPlugin>
              </reportPlugins>
            </configuration>
          </execution>
        </executions>
        <configuration>
          <outputDirectory>d:\CurrentProjects\CP4I\Installation\cp4i-install\demos\mq_kafka\client\target\site</outputDirectory>
          <reportPlugins>
            <reportPlugin>
              <groupId>org.apache.maven.plugins</groupId>
              <artifactId>maven-project-info-reports-plugin</artifactId>
            </reportPlugin>
          </reportPlugins>
        </configuration>
      </plugin>
    </plugins>
  </build>
  <reporting>
    <outputDirectory>d:\CurrentProjects\CP4I\Installation\cp4i-install\demos\mq_kafka\client\target\site</outputDirectory>
  </reporting>
  <profiles>
    <profile>
      <id>JMS</id>
      <activation>
        <activeByDefault>true</activeByDefault>
      </activation>
      <dependencies>
        <dependency>
          <groupId>javax.jms</groupId>
          <artifactId>javax.jms-api</artifactId>
          <version>2.0.1</version>
        </dependency>
        <dependency>
          <groupId>com.ibm.mq</groupId>
          <artifactId>com.ibm.mq.allclient</artifactId>
          <version>9.4.1.0</version>
        </dependency>
      </dependencies>
    </profile>
    <profile>
      <id>JAKARTA</id>
      <dependencies>
        <dependency>
          <groupId>jakarta.jms</groupId>
          <artifactId>jakarta.jms-api</artifactId>
          <version>3.1.0</version>
        </dependency>
        <dependency>
          <groupId>com.ibm.mq</groupId>
          <artifactId>com.ibm.mq.jakarta.client</artifactId>
          <version>9.3.4.1</version>
        </dependency>
      </dependencies>
    </profile>
  </profiles>
</project>
